"regional_number","species_id","name","type_1","type_2"
"1","152","Chikorita","grass",""
"2","153","Bayleef","grass",""
"3","154","Meganium","grass",""
"4","155","Cyndaquil","fire",""
"5","156","Quilava","fire",""
"6","157","Typhlosion","fire",""
"7","158","Totodile","water",""
"8","159","Croconaw","water",""
"9","160","Feraligatr","water",""
"10","16","Pidgey","normal","flying"
"11","17","Pidgeotto","normal","flying"
"12","18","Pidgeot","normal","flying"
"13","21","Spearow","normal","flying"
"14","22","Fearow","normal","flying"
"15","163","Hoothoot","normal","flying"
"16","164","Noctowl","normal","flying"
"17","19","Rattata","normal",""
"18","20","Raticate","normal",""
"19","161","Sentret","normal",""
"20","162","Furret","normal",""
"21","172","Pichu","electric",""
"22","25","Pikachu","electric",""
"23","26","Raichu","electric",""
"24","10","Caterpie","bug",""
"25","11","Metapod","bug",""
"26","12","Butterfree","bug","flying"
"27","13","Weedle","bug","poison"
"28","14","Kakuna","bug","poison"
"29","15","Beedrill","bug","poison"
"30","165","Ledyba","bug","flying"
"31","166","Ledian","bug","flying"
"32","167","Spinarak","bug","poison"
"33","168","Ariados","bug","poison"
"34","74","Geodude","rock","ground"
"35","75","Graveler","rock","ground"
"36","76","Golem","rock","ground"
"37","41","Zubat","poison","flying"
"38","42","Golbat","poison","flying"
"39","169","Crobat","poison","flying"
"40","173","Cleffa","normal",""
"41","35","Clefairy","normal",""
"42","36","Clefable","normal",""
"43","174","Igglybuff","normal",""
"44","39","Jigglypuff","normal",""
"45","40","Wigglytuff","normal",""
"46","175","Togepi","normal",""
"47","176","Togetic","normal","flying"
"48","27","Sandshrew","ground",""
"49","28","Sandslash","ground",""
"50","23","Ekans","poison",""
"51","24","Arbok","poison",""
"52","206","Dunsparce","normal",""
"53","179","Mareep","electric",""
"54","180","Flaaffy","electric",""
"55","181","Ampharos","electric",""
"56","194","Wooper","water","ground"
"57","195","Quagsire","water","ground"
"58","92","Gastly","ghost","poison"
"59","93","Haunter","ghost","poison"
"60","94","Gengar","ghost","poison"
"61","201","Unown","psychic",""
"62","95","Onix","rock","ground"
"63","208","Steelix","steel","ground"
"64","69","Bellsprout","grass","poison"
"65","70","Weepinbell","grass","poison"
"66","71","Victreebel","grass","poison"
"67","187","Hoppip","grass","flying"
"68","188","Skiploom","grass","flying"
"69","189","Jumpluff","grass","flying"
"70","46","Paras","bug","grass"
"71","47","Parasect","bug","grass"
"72","60","Poliwag","water",""
"73","61","Poliwhirl","water",""
"74","62","Poliwrath","water","fighting"
"75","186","Politoed","water",""
"76","129","Magikarp","water",""
"77","130","Gyarados","water","flying"
"78","118","Goldeen","water",""
"79","119","Seaking","water",""
"80","79","Slowpoke","water","psychic"
"81","80","Slowbro","water","psychic"
"82","199","Slowking","water","psychic"
"83","43","Oddish","grass","poison"
"84","44","Gloom","grass","poison"
"85","45","Vileplume","grass","poison"
"86","182","Bellossom","grass",""
"87","96","Drowzee","psychic",""
"88","97","Hypno","psychic",""
"89","63","Abra","psychic",""
"90","64","Kadabra","psychic",""
"91","65","Alakazam","psychic",""
"92","132","Ditto","normal",""
"93","204","Pineco","bug",""
"94","205","Forretress","bug","steel"
"95","29","Nidoran♀","poison",""
"96","30","Nidorina","poison",""
"97","31","Nidoqueen","poison","ground"
"98","32","Nidoran♂","poison",""
"99","33","Nidorino","poison",""
"100","34","Nidoking","poison","ground"
"101","193","Yanma","bug","flying"
"102","469","Yanmega","bug","flying"
"103","191","Sunkern","grass",""
"104","192","Sunflora","grass",""
"105","102","Exeggcute","grass","psychic"
"106","103","Exeggutor","grass","psychic"
"107","185","Sudowoodo","rock",""
"108","202","Wobbuffet","psychic",""
"109","48","Venonat","bug","poison"
"110","49","Venomoth","bug","poison"
"111","123","Scyther","bug","flying"
"112","212","Scizor","bug","steel"
"113","127","Pinsir","bug",""
"114","214","Heracross","bug","fighting"
"115","109","Koffing","poison",""
"116","110","Weezing","poison",""
"117","88","Grimer","poison",""
"118","89","Muk","poison",""
"119","81","Magnemite","electric","steel"
"120","82","Magneton","electric","steel"
"121","100","Voltorb","electric",""
"122","101","Electrode","electric",""
"123","190","Aipom","normal",""
"124","424","Ambipom","normal",""
"125","209","Snubbull","normal",""
"126","210","Granbull","normal",""
"127","37","Vulpix","fire",""
"128","38","Ninetales","fire",""
"129","58","Growlithe","fire",""
"130","59","Arcanine","fire",""
"131","234","Stantler","normal",""
"132","183","Marill","water",""
"133","184","Azumarill","water",""
"134","50","Diglett","ground",""
"135","51","Dugtrio","ground",""
"136","56","Mankey","fighting",""
"137","57","Primeape","fighting",""
"138","52","Meowth","normal",""
"139","53","Persian","normal",""
"140","54","Psyduck","water",""
"141","55","Golduck","water",""
"142","66","Machop","fighting",""
"143","67","Machoke","fighting",""
"144","68","Machamp","fighting",""
"145","236","Tyrogue","fighting",""
"146","106","Hitmonlee","fighting",""
"147","107","Hitmonchan","fighting",""
"148","237","Hitmontop","fighting",""
"149","203","Girafarig","normal","psychic"
"150","128","Tauros","normal",""
"151","241","Miltank","normal",""
"152","240","Magby","fire",""
"153","126","Magmar","fire",""
"154","238","Smoochum","ice","psychic"
"155","124","Jynx","ice","psychic"
"156","239","Elekid","electric",""
"157","125","Electabuzz","electric",""
"158","122","Mr. Mime","psychic",""
"159","235","Smeargle","normal",""
"160","83","Farfetch’d","normal","flying"
"161","177","Natu","psychic","flying"
"162","178","Xatu","psychic","flying"
"163","211","Qwilfish","water","poison"
"164","72","Tentacool","water","poison"
"165","73","Tentacruel","water","poison"
"166","98","Krabby","water",""
"167","99","Kingler","water",""
"168","213","Shuckle","bug","rock"
"169","120","Staryu","water",""
"170","121","Starmie","water","psychic"
"171","90","Shellder","water",""
"172","91","Cloyster","water","ice"
"173","222","Corsola","water","rock"
"174","223","Remoraid","water",""
"175","224","Octillery","water",""
"176","170","Chinchou","water","electric"
"177","171","Lanturn","water","electric"
"178","86","Seel","water",""
"179","87","Dewgong","water","ice"
"180","108","Lickitung","normal",""
"181","463","Lickilicky","normal",""
"182","114","Tangela","grass",""
"183","465","Tangrowth","grass",""
"184","133","Eevee","normal",""
"185","134","Vaporeon","water",""
"186","135","Jolteon","electric",""
"187","136","Flareon","fire",""
"188","196","Espeon","psychic",""
"189","197","Umbreon","dark",""
"190","116","Horsea","water",""
"191","117","Seadra","water",""
"192","230","Kingdra","water","dragon"
"193","207","Gligar","ground","flying"
"194","225","Delibird","ice","flying"
"195","220","Swinub","ice","ground"
"196","221","Piloswine","ice","ground"
"197","473","Mamoswine","ice","ground"
"198","216","Teddiursa","normal",""
"199","217","Ursaring","normal",""
"200","231","Phanpy","ground",""
"201","232","Donphan","ground",""
"202","226","Mantine","water","flying"
"203","227","Skarmory","steel","flying"
"204","84","Doduo","normal","flying"
"205","85","Dodrio","normal","flying"
"206","77","Ponyta","fire",""
"207","78","Rapidash","fire",""
"208","104","Cubone","ground",""
"209","105","Marowak","ground",""
"210","115","Kangaskhan","normal",""
"211","111","Rhyhorn","ground","rock"
"212","112","Rhydon","ground","rock"
"213","198","Murkrow","dark","flying"
"214","228","Houndour","dark","fire"
"215","229","Houndoom","dark","fire"
"216","218","Slugma","fire",""
"217","219","Magcargo","fire","rock"
"218","215","Sneasel","dark","ice"
"219","200","Misdreavus","ghost",""
"220","137","Porygon","normal",""
"221","233","Porygon2","normal",""
"222","113","Chansey","normal",""
"223","242","Blissey","normal",""
"224","131","Lapras","water","ice"
"225","138","Omanyte","rock","water"
"226","139","Omastar","rock","water"
"227","140","Kabuto","rock","water"
"228","141","Kabutops","rock","water"
"229","142","Aerodactyl","rock","flying"
"230","143","Snorlax","normal",""
"231","1","Bulbasaur","grass","poison"
"232","2","Ivysaur","grass","poison"
"233","3","Venusaur","grass","poison"
"234","4","Charmander","fire",""
"235","5","Charmeleon","fire",""
"236","6","Charizard","fire","flying"
"237","7","Squirtle","water",""
"238","8","Wartortle","water",""
"239","9","Blastoise","water",""
"240","144","Articuno","ice","flying"
"241","145","Zapdos","electric","flying"
"242","146","Moltres","fire","flying"
"243","243","Raikou","electric",""
"244","244","Entei","fire",""
"245","245","Suicune","water",""
"246","147","Dratini","dragon",""
"247","148","Dragonair","dragon",""
"248","149","Dragonite","dragon","flying"
"249","246","Larvitar","rock","ground"
"250","247","Pupitar","rock","ground"
"251","248","Tyranitar","rock","dark"
"252","249","Lugia","psychic","flying"
"253","250","Ho-Oh","fire","flying"
"254","150","Mewtwo","psychic",""
"255","151","Mew","psychic",""
"256","251","Celebi","psychic","grass"
